<?xml version="1.0" encoding="utf-8"?>
<flow name="$Name$Flow" package="iristk.app.$name$" 
	initial="AskFruit" xmlns="iristk.flow"
	xmlns:xsi="http://www.w3.org/2001/XMLSchema-instance"
	xmlns:p="iristk.flow.param"  xmlns:dialog="iristk.dialog.SimpleDialog"
	xsi:schemaLocation="iristk.flow flow.xsd iristk.dialog.SimpleDialog SimpleDialog.xsd">
	
	<state id="AskFruit">
		<onEntry>
			<dialog:say>Please name a fruit</dialog:say>
			<dialog:listen/>
		</onEntry>
		<dialog:onNoSpeech>
			<dialog:say>You didn't say anything</dialog:say>
			<goto state="AskFruit"/>
		</dialog:onNoSpeech>
		<dialog:onSpeech sem="'fruit'">
			<dialog:say>You said <expr>event:sem:fruit</expr></dialog:say>
			<goto state="AskFruit"/>
		</dialog:onSpeech>
		<dialog:onSpeech>
			<dialog:say>I didn't get that</dialog:say>
			<goto state="AskFruit"/>
		</dialog:onSpeech>
	</state>

</flow>