<?xml version="1.0" encoding="utf-8"?>
<grammar xml:lang="en-US" version="1.0" root="srgs_root"
	xmlns="http://www.w3.org/2001/06/grammar" xmlns:xsi="http://www.w3.org/2001/XMLSchema-instance"
	xsi:schemaLocation="http://www.w3.org/2001/06/grammar http://www.w3.org/TR/speech-grammar/grammar.xsd" tag-format="semantics/1.0">
	
	<rule id="srgs_root" scope="public">
		<ruleref uri="#fruit"/>
		<tag>out.fruit=rules.fruit</tag>
	</rule>
	
	<rule id="fruit">
		<one-of>
			<item>banana</item>
			<item>orange</item>
			<item>apple</item>
		</one-of>
	</rule>
	
</grammar>